week,method,samples,objective
02/21-02/27,GZO_NS,0,4.101570403576337
02/21-02/27,GZO_NS,90,-1.027738166585995
02/21-02/27,GZO_NS,186,-6.294686697653569
02/21-02/27,GZO_NS,288,-12.246238668944716
02/21-02/27,GZO_NS,396,-12.635639418265018
02/21-02/27,GZO_NS,510,-12.556842495715062
02/21-02/27,GZO_NS,630,-12.401667582908612
02/21-02/27,GZO_NS,756,-12.513475768290279
02/21-02/27,GZO_NS,888,-12.58302689000416
02/21-02/27,GZO_NS,1026,-12.565527439088651
02/21-02/27,GZO_NS,1170,-12.585742969914946
02/21-02/27,GZO_NS,1320,-12.693149921671596
02/21-02/27,GZO_NS,1476,-12.552370652756089
02/21-02/27,GZO_NS,1638,-12.607333998767855
02/21-02/27,GZO_NS,1806,-12.60614551961236
02/21-02/27,GZO_NS,1980,-12.590788361589759
02/21-02/27,GZO_NS,2160,-12.697658821172917
02/21-02/27,GZO_NS,2346,-12.7192540611365
02/21-02/27,GZO_NS,2538,-12.596887022080136
02/21-02/27,GZO_NS,2736,-12.63776616127948
02/21-02/27,GZO_NS,2940,-12.594101730510753
02/21-02/27,GZO_NS,3150,-12.598203692977394
02/21-02/27,GZO_NS,3366,-12.67420865895065
02/21-02/27,GZO_NS,3588,-12.511437231361997
02/21-02/27,GZO_NS,3816,-12.754069740401341
02/21-02/27,GZO_NS,4050,-12.495533394521168
02/21-02/27,GZO_NS,4290,-12.499045103623592
02/21-02/27,GZO_NS,4536,-12.628715323576195
02/21-02/27,GZO_NS,4788,-12.597428201823412
02/21-02/27,GZO_NS,5046,-12.590195515635553
02/21-02/27,GZO_HS,0,4.152984818581362
02/21-02/27,GZO_HS,60,3.924612777306224
02/21-02/27,GZO_HS,124,4.00521656627948
02/21-02/27,GZO_HS,192,-3.012699417205018
02/21-02/27,GZO_HS,264,-3.1484147578006367
02/21-02/27,GZO_HS,340,-8.01615374259706
02/21-02/27,GZO_HS,420,-10.749204298728026
02/21-02/27,GZO_HS,504,-10.695466507042052
02/21-02/27,GZO_HS,592,-11.906494216955501
02/21-02/27,GZO_HS,684,-11.974211617424944
02/21-02/27,GZO_HS,780,-12.051027704870288
02/21-02/27,GZO_HS,880,-12.22994192286725
02/21-02/27,GZO_HS,984,-12.700599145021394
02/21-02/27,GZO_HS,1092,-12.902710714065702
02/21-02/27,GZO_HS,1204,-12.855547098152702
02/21-02/27,GZO_HS,1320,-13.003957134551925
02/21-02/27,GZO_HS,1440,-12.889242790487
02/21-02/27,GZO_HS,1564,-13.046388255161
02/21-02/27,GZO_HS,1692,-13.060840194905223
02/21-02/27,GZO_HS,1824,-13.147545408459122
02/21-02/27,GZO_HS,1960,-13.118519206383434
02/21-02/27,GZO_HS,2100,-13.118651522719203
02/21-02/27,GZO_HS,2244,-13.238633937011057
02/21-02/27,GZO_HS,2392,-13.233255610259082
02/21-02/27,GZO_HS,2544,-13.202775614423928
02/21-02/27,GZO_HS,2700,-13.26536777055344
02/21-02/27,GZO_HS,2860,-13.210670724950262
02/21-02/27,GZO_HS,3024,-13.302398167418323
02/21-02/27,GZO_HS,3192,-13.128392736558592
02/21-02/27,GZO_HS,3364,-13.31629839248256
02/21-02/27,GZO_HS,3540,-13.318254392227441
02/21-02/27,GZO_HS,3720,-13.307958712916486
02/21-02/27,GZO_HS,3904,-13.225166360403069
02/21-02/27,GZO_HS,4092,-13.222857828078
02/21-02/27,GZO_HS,4284,-13.219508730712002
02/21-02/27,GZO_HS,4480,-13.234641084929713
02/21-02/27,GZO_HS,4680,-13.316767063657647
02/21-02/27,GZO_HS,4884,-13.277092839984597
02/21-02/27,GZO_HS,5092,-13.317765344137701
02/21-02/27,ZO_TG,0,4.023533195501831
02/21-02/27,ZO_TG,60,1.1153141282864873
02/21-02/27,ZO_TG,124,0.19329376922186886
02/21-02/27,ZO_TG,192,-0.7404192962669038
02/21-02/27,ZO_TG,264,-2.717581144381486
02/21-02/27,ZO_TG,340,-4.24655806156005
02/21-02/27,ZO_TG,420,-4.584839253036462
02/21-02/27,ZO_TG,504,-6.829526003113016
02/21-02/27,ZO_TG,592,-6.298860433484233
02/21-02/27,ZO_TG,684,-7.9385833570606925
02/21-02/27,ZO_TG,780,-8.118256752694888
02/21-02/27,ZO_TG,880,-8.100098261044566
02/21-02/27,ZO_TG,984,-8.923049660489102
02/21-02/27,ZO_TG,1092,-8.990616302354342
02/21-02/27,ZO_TG,1204,-9.013477178972087
02/21-02/27,ZO_TG,1320,-9.377133641591799
02/21-02/27,ZO_TG,1440,-9.65905612063012
02/21-02/27,ZO_TG,1564,-9.63640758315514
02/21-02/27,ZO_TG,1692,-9.764175119046598
02/21-02/27,ZO_TG,1824,-10.369802193519263
02/21-02/27,ZO_TG,1960,-10.386486209182124
02/21-02/27,ZO_TG,2100,-10.550778066222975
02/21-02/27,ZO_TG,2244,-10.616493503044198
02/21-02/27,ZO_TG,2392,-10.823391905013578
02/21-02/27,ZO_TG,2544,-10.941922513638277
02/21-02/27,ZO_TG,2700,-10.914682379825484
02/21-02/27,ZO_TG,2860,-10.93996408494165
02/21-02/27,ZO_TG,3024,-11.002896736241743
02/21-02/27,ZO_TG,3192,-10.99131446692415
02/21-02/27,ZO_TG,3364,-10.95009035990091
02/21-02/27,ZO_TG,3540,-10.946838428713571
02/21-02/27,ZO_TG,3720,-10.990133044946742
02/21-02/27,ZO_TG,3904,-11.182445063011171
02/21-02/27,ZO_TG,4092,-11.321307628807338
02/21-02/27,ZO_TG,4284,-11.373338717203204
02/21-02/27,ZO_TG,4480,-11.465109807326499
02/21-02/27,ZO_TG,4680,-11.370525678836577
02/21-02/27,ZO_TG,4884,-11.429739357249657
02/21-02/27,ZO_TG,5092,-11.423914215684949
02/21-02/27,ZO_OG,0,3.8702443431950604
02/21-02/27,ZO_OG,30,2.684521899936785
02/21-02/27,ZO_OG,62,3.5228301441912597
02/21-02/27,ZO_OG,96,4.24025701083364
02/21-02/27,ZO_OG,132,4.173093966801466
02/21-02/27,ZO_OG,170,1.904637969557234
02/21-02/27,ZO_OG,210,1.8711507006278543
02/21-02/27,ZO_OG,252,1.2547759969772618
02/21-02/27,ZO_OG,296,1.1408688866717693
02/21-02/27,ZO_OG,342,0.8784650101991276
02/21-02/27,ZO_OG,390,0.6951125722986076
02/21-02/27,ZO_OG,440,0.9258310009047869
02/21-02/27,ZO_OG,492,0.8227189469363809
02/21-02/27,ZO_OG,546,0.974604126385143
02/21-02/27,ZO_OG,602,1.1381400290009844
02/21-02/27,ZO_OG,660,1.091516286883283
02/21-02/27,ZO_OG,720,0.7816587408432834
02/21-02/27,ZO_OG,782,0.6649278542403283
02/21-02/27,ZO_OG,846,0.6493722393571941
02/21-02/27,ZO_OG,912,0.6415789825888292
02/21-02/27,ZO_OG,980,0.6357688224886512
02/21-02/27,ZO_OG,1050,0.6835180982013485
02/21-02/27,ZO_OG,1122,0.6185498993897522
02/21-02/27,ZO_OG,1196,0.5186957112365481
02/21-02/27,ZO_OG,1272,0.6053134291827567
02/21-02/27,ZO_OG,1350,0.5534481399914617
02/21-02/27,ZO_OG,1430,0.5351366371952964
02/21-02/27,ZO_OG,1512,0.49016311858435274
02/21-02/27,ZO_OG,1596,0.4826885258100717
02/21-02/27,ZO_OG,1682,0.6781217273188477
02/21-02/27,ZO_OG,1770,0.7710255908586015
02/21-02/27,ZO_OG,1860,0.6546991038534421
02/21-02/27,ZO_OG,1952,0.6522404109786791
02/21-02/27,ZO_OG,2046,0.7011712152355942
02/21-02/27,ZO_OG,2142,0.541370889393897
02/21-02/27,ZO_OG,2240,0.39588905095256033
02/21-02/27,ZO_OG,2340,0.4645061900551282
02/21-02/27,ZO_OG,2442,0.41092328309416926
02/21-02/27,ZO_OG,2546,0.5050808180900064
02/21-02/27,ZO_OG,2652,0.5034968575531565
02/21-02/27,ZO_OG,2760,0.5148121208121195
02/21-02/27,ZO_OG,2870,0.48481474067984537
02/21-02/27,ZO_OG,2982,0.47161852507520363
02/21-02/27,ZO_OG,3096,0.515384673336486
02/21-02/27,ZO_OG,3212,0.36520636193690514
02/21-02/27,ZO_OG,3330,0.5996824993668324
02/21-02/27,ZO_OG,3450,0.4852917302925399
02/21-02/27,ZO_OG,3572,0.4996304571233992
02/21-02/27,ZO_OG,3696,0.537825617426014
02/21-02/27,ZO_OG,3822,0.3534531924399152
02/21-02/27,ZO_OG,3950,0.4515159001831042
02/21-02/27,ZO_OG,4080,0.5231463060214281
02/21-02/27,ZO_OG,4212,0.48267529978677587
02/21-02/27,ZO_OG,4346,0.5093133793559476
02/21-02/27,ZO_OG,4482,0.5621348840747526
02/21-02/27,ZO_OG,4620,0.37196414308124714
02/21-02/27,ZO_OG,4760,0.48944063990687087
02/21-02/27,ZO_OG,4902,0.38948245923057917
02/21-02/27,ZO_OG,5046,0.26457246595408085
02/21-02/27,ZO_OGVR,0,4.047041066070873
02/21-02/27,ZO_OGVR,50,3.858658402615336
02/21-02/27,ZO_OGVR,82,4.189311892332719
02/21-02/27,ZO_OGVR,116,3.2007610627883234
02/21-02/27,ZO_OGVR,152,1.5700196824165582
02/21-02/27,ZO_OGVR,190,0.8753192211882721
02/21-02/27,ZO_OGVR,230,0.6537488018469549
02/21-02/27,ZO_OGVR,272,3.080265015720532
02/21-02/27,ZO_OGVR,316,2.6850928697462324
02/21-02/27,ZO_OGVR,362,0.6118441264861869
02/21-02/27,ZO_OGVR,410,-0.4115704111518494
02/21-02/27,ZO_OGVR,460,-1.0001710252756457
02/21-02/27,ZO_OGVR,512,-3.5431261989993836
02/21-02/27,ZO_OGVR,566,-4.398743134199682
02/21-02/27,ZO_OGVR,622,-4.350156972349476
02/21-02/27,ZO_OGVR,680,-5.392545495775523
02/21-02/27,ZO_OGVR,740,-5.826679490699032
02/21-02/27,ZO_OGVR,802,-6.506725675546438
02/21-02/27,ZO_OGVR,866,-6.555878364429486
02/21-02/27,ZO_OGVR,932,-6.551202256719648
02/21-02/27,ZO_OGVR,1000,-6.513874701437007
02/21-02/27,ZO_OGVR,1070,-6.570765791611878
02/21-02/27,ZO_OGVR,1142,-6.561832551072319
02/21-02/27,ZO_OGVR,1216,-6.654260007055739
02/21-02/27,ZO_OGVR,1292,-6.722991409639419
02/21-02/27,ZO_OGVR,1370,-6.690519246740407
02/21-02/27,ZO_OGVR,1450,-6.751523222520957
02/21-02/27,ZO_OGVR,1532,-6.941996676560227
02/21-02/27,ZO_OGVR,1616,-7.276780016347438
02/21-02/27,ZO_OGVR,1702,-7.314155299151442
02/21-02/27,ZO_OGVR,1790,-7.412166230867523
02/21-02/27,ZO_OGVR,1880,-7.487105254418963
02/21-02/27,ZO_OGVR,1972,-7.470429598838616
02/21-02/27,ZO_OGVR,2066,-7.63358402739017
02/21-02/27,ZO_OGVR,2162,-7.6223392818158295
02/21-02/27,ZO_OGVR,2260,-7.703968105695107
02/21-02/27,ZO_OGVR,2360,-7.722917048146772
02/21-02/27,ZO_OGVR,2462,-7.736657685138873
02/21-02/27,ZO_OGVR,2566,-7.871236655735371
02/21-02/27,ZO_OGVR,2672,-7.900175887909116
02/21-02/27,ZO_OGVR,2780,-7.877439960057561
02/21-02/27,ZO_OGVR,2890,-8.045900926294463
02/21-02/27,ZO_OGVR,3002,-8.015762047221829
02/21-02/27,ZO_OGVR,3116,-8.13203089268298
02/21-02/27,ZO_OGVR,3232,-8.00818138666621
02/21-02/27,ZO_OGVR,3350,-8.143520621781754
02/21-02/27,ZO_OGVR,3470,-8.12664291024331
02/21-02/27,ZO_OGVR,3592,-8.187131125608706
02/21-02/27,ZO_OGVR,3716,-8.224435500284825
02/21-02/27,ZO_OGVR,3842,-8.251455249366689
02/21-02/27,ZO_OGVR,3970,-8.392490501802058
02/21-02/27,ZO_OGVR,4100,-8.35793477732121
02/21-02/27,ZO_OGVR,4232,-8.420822820717309
02/21-02/27,ZO_OGVR,4366,-8.38851289427568
02/21-02/27,ZO_OGVR,4502,-8.362681070927483
02/21-02/27,ZO_OGVR,4640,-8.334394738289303
02/21-02/27,ZO_OGVR,4780,-8.415248819050023
02/21-02/27,ZO_OGVR,4922,-8.457050157532649
02/21-02/27,ZO_OGVR,5066,-8.38590274309894
03/21-03/27,GZO_NS,0,2.7781347136308985
03/21-03/27,GZO_NS,90,-2.1600196623625716
03/21-03/27,GZO_NS,186,-4.1820828785685515
03/21-03/27,GZO_NS,288,-4.5499129929069895
03/21-03/27,GZO_NS,396,-4.6809641642479365
03/21-03/27,GZO_NS,510,-8.973909103715595
03/21-03/27,GZO_NS,630,-9.325448391630923
03/21-03/27,GZO_NS,756,-10.670386342486491
03/21-03/27,GZO_NS,888,-11.305544836859758
03/21-03/27,GZO_NS,1026,-11.223283649474736
03/21-03/27,GZO_NS,1170,-11.339997702963466
03/21-03/27,GZO_NS,1320,-11.445712815465528
03/21-03/27,GZO_NS,1476,-11.760704613832212
03/21-03/27,GZO_NS,1638,-11.74162502765224
03/21-03/27,GZO_NS,1806,-11.857784519099962
03/21-03/27,GZO_NS,1980,-11.854335881048518
03/21-03/27,GZO_NS,2160,-11.719761278717332
03/21-03/27,GZO_NS,2346,-11.786771971824308
03/21-03/27,GZO_NS,2538,-11.853355996395523
03/21-03/27,GZO_NS,2736,-11.852607591169912
03/21-03/27,GZO_NS,2940,-11.888808333148111
03/21-03/27,GZO_NS,3150,-12.100250141684688
03/21-03/27,GZO_NS,3366,-12.081242366132983
03/21-03/27,GZO_NS,3588,-11.998021179418625
03/21-03/27,GZO_NS,3816,-11.999614765552574
03/21-03/27,GZO_NS,4050,-12.088270076690034
03/21-03/27,GZO_NS,4290,-12.13527908244215
03/21-03/27,GZO_NS,4536,-12.019387198279732
03/21-03/27,GZO_NS,4788,-12.104590795784887
03/21-03/27,GZO_NS,5046,-12.123650577548728
03/21-03/27,GZO_HS,0,2.695135145209018
03/21-03/27,GZO_HS,60,2.5883702455783184
03/21-03/27,GZO_HS,124,2.7481277026855953
03/21-03/27,GZO_HS,192,-12.465555357903247
03/21-03/27,GZO_HS,264,-12.530681432242327
03/21-03/27,GZO_HS,340,-12.729749302989159
03/21-03/27,GZO_HS,420,-12.562103147113191
03/21-03/27,GZO_HS,504,-12.473505782002485
03/21-03/27,GZO_HS,592,-12.528145248351011
03/21-03/27,GZO_HS,684,-12.543134042180125
03/21-03/27,GZO_HS,780,-12.560595725565923
03/21-03/27,GZO_HS,880,-12.55751113086895
03/21-03/27,GZO_HS,984,-12.715774888615774
03/21-03/27,GZO_HS,1092,-12.594540805460033
03/21-03/27,GZO_HS,1204,-12.643317434103308
03/21-03/27,GZO_HS,1320,-12.624024978067057
03/21-03/27,GZO_HS,1440,-12.652994037647082
03/21-03/27,GZO_HS,1564,-12.638639772146114
03/21-03/27,GZO_HS,1692,-12.540632916055445
03/21-03/27,GZO_HS,1824,-12.552926261169668
03/21-03/27,GZO_HS,1960,-12.735068719153828
03/21-03/27,GZO_HS,2100,-12.70299713873244
03/21-03/27,GZO_HS,2244,-12.56136004632489
03/21-03/27,GZO_HS,2392,-12.62469036810104
03/21-03/27,GZO_HS,2544,-12.534874173274826
03/21-03/27,GZO_HS,2700,-12.554574885785897
03/21-03/27,GZO_HS,2860,-12.611028320314418
03/21-03/27,GZO_HS,3024,-12.615947245880239
03/21-03/27,GZO_HS,3192,-12.595468609469442
03/21-03/27,GZO_HS,3364,-12.590734097040833
03/21-03/27,GZO_HS,3540,-12.581108260655139
03/21-03/27,GZO_HS,3720,-12.50676666467575
03/21-03/27,GZO_HS,3904,-12.626955568733036
03/21-03/27,GZO_HS,4092,-12.518204358715233
03/21-03/27,GZO_HS,4284,-12.53166677687103
03/21-03/27,GZO_HS,4480,-12.623308009039738
03/21-03/27,GZO_HS,4680,-12.566319677093619
03/21-03/27,GZO_HS,4884,-12.68899472102259
03/21-03/27,GZO_HS,5092,-12.595008964546912
03/21-03/27,ZO_TG,0,2.688576200953654
03/21-03/27,ZO_TG,60,-2.225167988575771
03/21-03/27,ZO_TG,124,-3.2861243965809246
03/21-03/27,ZO_TG,192,-3.575421324715815
03/21-03/27,ZO_TG,264,-4.133192474153838
03/21-03/27,ZO_TG,340,-3.8857714692954644
03/21-03/27,ZO_TG,420,-3.428413834510346
03/21-03/27,ZO_TG,504,-3.476775791035714
03/21-03/27,ZO_TG,592,-4.311108322468302
03/21-03/27,ZO_TG,684,-4.5069377363176155
03/21-03/27,ZO_TG,780,-4.720748050395375
03/21-03/27,ZO_TG,880,-4.7215017052076185
03/21-03/27,ZO_TG,984,-4.764132649980582
03/21-03/27,ZO_TG,1092,-5.151161294800228
03/21-03/27,ZO_TG,1204,-5.83778893480812
03/21-03/27,ZO_TG,1320,-5.992733910816503
03/21-03/27,ZO_TG,1440,-6.496492303869669
03/21-03/27,ZO_TG,1564,-7.1513310389263145
03/21-03/27,ZO_TG,1692,-7.21427159797807
03/21-03/27,ZO_TG,1824,-7.154359760257807
03/21-03/27,ZO_TG,1960,-7.280297605217729
03/21-03/27,ZO_TG,2100,-7.285287312425
03/21-03/27,ZO_TG,2244,-7.467228934473845
03/21-03/27,ZO_TG,2392,-8.241059143285485
03/21-03/27,ZO_TG,2544,-8.472213488909878
03/21-03/27,ZO_TG,2700,-8.573375189829308
03/21-03/27,ZO_TG,2860,-8.572433316689134
03/21-03/27,ZO_TG,3024,-8.811910423848142
03/21-03/27,ZO_TG,3192,-8.730392381560966
03/21-03/27,ZO_TG,3364,-8.874596311917486
03/21-03/27,ZO_TG,3540,-9.017483049233299
03/21-03/27,ZO_TG,3720,-9.087890717731552
03/21-03/27,ZO_TG,3904,-9.108119371968769
03/21-03/27,ZO_TG,4092,-9.139594702228921
03/21-03/27,ZO_TG,4284,-9.39304364010922
03/21-03/27,ZO_TG,4480,-9.46632526423908
03/21-03/27,ZO_TG,4680,-9.427279631441616
03/21-03/27,ZO_TG,4884,-9.45018916250647
03/21-03/27,ZO_TG,5092,-9.474922453098493
03/21-03/27,ZO_OG,0,2.5558964820053247
03/21-03/27,ZO_OG,30,3.265493952853191
03/21-03/27,ZO_OG,62,3.6246351078036585
03/21-03/27,ZO_OG,96,2.0971613628850907
03/21-03/27,ZO_OG,132,1.6464362234972123
03/21-03/27,ZO_OG,170,0.8108994058640736
03/21-03/27,ZO_OG,210,1.043118532921302
03/21-03/27,ZO_OG,252,1.3982751526319503
03/21-03/27,ZO_OG,296,1.4826297134699007
03/21-03/27,ZO_OG,342,1.9303158012677186
03/21-03/27,ZO_OG,390,1.870932709213169
03/21-03/27,ZO_OG,440,1.9448549538819284
03/21-03/27,ZO_OG,492,1.8564564417951197
03/21-03/27,ZO_OG,546,2.092175774093365
03/21-03/27,ZO_OG,602,1.620581070132403
03/21-03/27,ZO_OG,660,1.7001540507781188
03/21-03/27,ZO_OG,720,2.3751420329201416
03/21-03/27,ZO_OG,782,2.321051786392708
03/21-03/27,ZO_OG,846,1.6951909854578575
03/21-03/27,ZO_OG,912,1.8814660290458256
03/21-03/27,ZO_OG,980,1.9421280957192713
03/21-03/27,ZO_OG,1050,1.8585550676259763
03/21-03/27,ZO_OG,1122,1.2081949976194895
03/21-03/27,ZO_OG,1196,1.0884007881928137
03/21-03/27,ZO_OG,1272,1.0216886355536927
03/21-03/27,ZO_OG,1350,1.39438815097206
03/21-03/27,ZO_OG,1430,1.4372115913320977
03/21-03/27,ZO_OG,1512,1.3705328833342956
03/21-03/27,ZO_OG,1596,1.2892522873706977
03/21-03/27,ZO_OG,1682,1.3492414670443507
03/21-03/27,ZO_OG,1770,1.4301990323426776
03/21-03/27,ZO_OG,1860,1.5955385408651213
03/21-03/27,ZO_OG,1952,1.6883712269660407
03/21-03/27,ZO_OG,2046,1.6206297316013387
03/21-03/27,ZO_OG,2142,1.766636581608549
03/21-03/27,ZO_OG,2240,1.8045356995816197
03/21-03/27,ZO_OG,2340,1.8222978725402867
03/21-03/27,ZO_OG,2442,1.7507925905372619
03/21-03/27,ZO_OG,2546,1.9010833077602276
03/21-03/27,ZO_OG,2652,1.9920658793437567
03/21-03/27,ZO_OG,2760,1.9066448790658215
03/21-03/27,ZO_OG,2870,1.7257843382462543
03/21-03/27,ZO_OG,2982,1.9048945154848471
03/21-03/27,ZO_OG,3096,1.9346263006451956
03/21-03/27,ZO_OG,3212,1.9391670873861535
03/21-03/27,ZO_OG,3330,2.0600445504604994
03/21-03/27,ZO_OG,3450,2.040708135726353
03/21-03/27,ZO_OG,3572,2.044469621062641
03/21-03/27,ZO_OG,3696,1.97028569305392
03/21-03/27,ZO_OG,3822,1.9237887945948446
03/21-03/27,ZO_OG,3950,1.9991730445802882
03/21-03/27,ZO_OG,4080,1.8469376966187045
03/21-03/27,ZO_OG,4212,1.8276951269923498
03/21-03/27,ZO_OG,4346,1.826695504747196
03/21-03/27,ZO_OG,4482,1.9514081331204738
03/21-03/27,ZO_OG,4620,2.0239647106094907
03/21-03/27,ZO_OG,4760,1.8118565188692763
03/21-03/27,ZO_OG,4902,1.8938169787563888
03/21-03/27,ZO_OG,5046,1.7168709380666085
03/21-03/27,ZO_OGVR,0,2.7090737689409354
03/21-03/27,ZO_OGVR,50,3.619487622171734
03/21-03/27,ZO_OGVR,82,2.698464251411444
03/21-03/27,ZO_OGVR,116,-0.011752368979792116
03/21-03/27,ZO_OGVR,152,-0.40664137120401894
03/21-03/27,ZO_OGVR,190,-0.8043822800527216
03/21-03/27,ZO_OGVR,230,-0.6353279664677769
03/21-03/27,ZO_OGVR,272,-1.7896126380948016
03/21-03/27,ZO_OGVR,316,-2.447821690582208
03/21-03/27,ZO_OGVR,362,-2.2139848336651577
03/21-03/27,ZO_OGVR,410,-2.3137792646825637
03/21-03/27,ZO_OGVR,460,-2.6330276498248826
03/21-03/27,ZO_OGVR,512,-2.7324631104279433
03/21-03/27,ZO_OGVR,566,-4.18308384495042
03/21-03/27,ZO_OGVR,622,-4.177442952948668
03/21-03/27,ZO_OGVR,680,-4.377320380695691
03/21-03/27,ZO_OGVR,740,-4.5039025747181265
03/21-03/27,ZO_OGVR,802,-4.675365992496312
03/21-03/27,ZO_OGVR,866,-4.757915232385634
03/21-03/27,ZO_OGVR,932,-4.464791924001659
03/21-03/27,ZO_OGVR,1000,-5.463800590045899
03/21-03/27,ZO_OGVR,1070,-5.480941933817992
03/21-03/27,ZO_OGVR,1142,-6.015367802305641
03/21-03/27,ZO_OGVR,1216,-5.931713223295887
03/21-03/27,ZO_OGVR,1292,-6.223241244507375
03/21-03/27,ZO_OGVR,1370,-6.44977925060561
03/21-03/27,ZO_OGVR,1450,-6.56901922331437
03/21-03/27,ZO_OGVR,1532,-6.573992438568039
03/21-03/27,ZO_OGVR,1616,-6.610153582028762
03/21-03/27,ZO_OGVR,1702,-6.626183865847905
03/21-03/27,ZO_OGVR,1790,-7.20317572110888
03/21-03/27,ZO_OGVR,1880,-7.195102374243678
03/21-03/27,ZO_OGVR,1972,-7.1752053063818115
03/21-03/27,ZO_OGVR,2066,-7.2185866718086436
03/21-03/27,ZO_OGVR,2162,-7.2208321169140275
03/21-03/27,ZO_OGVR,2260,-7.103121232523502
03/21-03/27,ZO_OGVR,2360,-7.293812194809776
03/21-03/27,ZO_OGVR,2462,-7.287880563907036
03/21-03/27,ZO_OGVR,2566,-7.310307635674968
03/21-03/27,ZO_OGVR,2672,-7.273819687658978
03/21-03/27,ZO_OGVR,2780,-7.525649471439936
03/21-03/27,ZO_OGVR,2890,-7.451903384160392
03/21-03/27,ZO_OGVR,3002,-7.566812663074309
03/21-03/27,ZO_OGVR,3116,-7.503373664474522
03/21-03/27,ZO_OGVR,3232,-7.599164247236286
03/21-03/27,ZO_OGVR,3350,-7.596580514169282
03/21-03/27,ZO_OGVR,3470,-7.708220382169397
03/21-03/27,ZO_OGVR,3592,-7.721936596638272
03/21-03/27,ZO_OGVR,3716,-7.747093563188823
03/21-03/27,ZO_OGVR,3842,-7.807901583811262
03/21-03/27,ZO_OGVR,3970,-7.767974034462506
03/21-03/27,ZO_OGVR,4100,-7.785734914899696
03/21-03/27,ZO_OGVR,4232,-7.840089017208573
03/21-03/27,ZO_OGVR,4366,-7.793116308301235
03/21-03/27,ZO_OGVR,4502,-7.833558212842716
03/21-03/27,ZO_OGVR,4640,-7.786839080113442
03/21-03/27,ZO_OGVR,4780,-7.8001082922854685
03/21-03/27,ZO_OGVR,4922,-7.764634582275172
03/21-03/27,ZO_OGVR,5066,-7.843298726178697
05/23-05/29,GZO_NS,0,2.8871287603276317
05/23-05/29,GZO_NS,90,2.668226887841293
05/23-05/29,GZO_NS,186,2.449445854093401
05/23-05/29,GZO_NS,288,-2.6290727851054116
05/23-05/29,GZO_NS,396,-3.943599979096098
05/23-05/29,GZO_NS,510,-5.296505472514797
05/23-05/29,GZO_NS,630,-6.878546758780707
05/23-05/29,GZO_NS,756,-8.858984008279025
05/23-05/29,GZO_NS,888,-9.384996872937336
05/23-05/29,GZO_NS,1026,-9.84704230149847
05/23-05/29,GZO_NS,1170,-10.557219226950425
05/23-05/29,GZO_NS,1320,-11.967760893172837
05/23-05/29,GZO_NS,1476,-11.939662357207226
05/23-05/29,GZO_NS,1638,-12.247448165219536
05/23-05/29,GZO_NS,1806,-12.450503989309935
05/23-05/29,GZO_NS,1980,-13.077143341704355
05/23-05/29,GZO_NS,2160,-14.09148393412926
05/23-05/29,GZO_NS,2346,-14.301860659046906
05/23-05/29,GZO_NS,2538,-14.454270467060907
05/23-05/29,GZO_NS,2736,-14.42380019514262
05/23-05/29,GZO_NS,2940,-14.475635919648976
05/23-05/29,GZO_NS,3150,-14.458136857925808
05/23-05/29,GZO_NS,3366,-14.385002146493573
05/23-05/29,GZO_NS,3588,-14.517104172183968
05/23-05/29,GZO_NS,3816,-14.461583311747482
05/23-05/29,GZO_NS,4050,-14.394973680131676
05/23-05/29,GZO_NS,4290,-14.485754202270654
05/23-05/29,GZO_NS,4536,-14.53375848499907
05/23-05/29,GZO_NS,4788,-14.601932660914194
05/23-05/29,GZO_NS,5046,-14.655265314591961
05/23-05/29,GZO_HS,0,2.992385368705227
05/23-05/29,GZO_HS,60,2.826463329707668
05/23-05/29,GZO_HS,124,2.8586553413731797
05/23-05/29,GZO_HS,192,0.9045946381478891
05/23-05/29,GZO_HS,264,-0.596536989303931
05/23-05/29,GZO_HS,340,-1.3579989292301904
05/23-05/29,GZO_HS,420,-4.848591873759336
05/23-05/29,GZO_HS,504,-5.357583831174813
05/23-05/29,GZO_HS,592,-5.251429649058874
05/23-05/29,GZO_HS,684,-9.131542175686594
05/23-05/29,GZO_HS,780,-11.468088425517312
05/23-05/29,GZO_HS,880,-11.989670353510999
05/23-05/29,GZO_HS,984,-12.041810183392966
05/23-05/29,GZO_HS,1092,-12.150909707503931
05/23-05/29,GZO_HS,1204,-12.249536872480807
05/23-05/29,GZO_HS,1320,-12.350251762224696
05/23-05/29,GZO_HS,1440,-12.323466602806446
05/23-05/29,GZO_HS,1564,-12.438291802912012
05/23-05/29,GZO_HS,1692,-12.728800178331857
05/23-05/29,GZO_HS,1824,-12.656720192446242
05/23-05/29,GZO_HS,1960,-12.893445114259363
05/23-05/29,GZO_HS,2100,-13.061398781190428
05/23-05/29,GZO_HS,2244,-13.046731540582151
05/23-05/29,GZO_HS,2392,-13.027626806326767
05/23-05/29,GZO_HS,2544,-13.338731662050861
05/23-05/29,GZO_HS,2700,-13.4853910229889
05/23-05/29,GZO_HS,2860,-13.592503920758379
05/23-05/29,GZO_HS,3024,-13.557451651420342
05/23-05/29,GZO_HS,3192,-13.73040903634145
05/23-05/29,GZO_HS,3364,-13.9219503283989
05/23-05/29,GZO_HS,3540,-14.05208704071603
05/23-05/29,GZO_HS,3720,-14.193555795484395
05/23-05/29,GZO_HS,3904,-14.432225182254687
05/23-05/29,GZO_HS,4092,-14.506633490712035
05/23-05/29,GZO_HS,4284,-14.507984408322642
05/23-05/29,GZO_HS,4480,-14.4600404413856
05/23-05/29,GZO_HS,4680,-14.538218730892606
05/23-05/29,GZO_HS,4884,-14.588355958749952
05/23-05/29,GZO_HS,5092,-14.530500957655468
05/23-05/29,ZO_TG,0,2.995117631756925
05/23-05/29,ZO_TG,60,2.864332236741564
05/23-05/29,ZO_TG,124,3.033996117216428
05/23-05/29,ZO_TG,192,-1.1367119700532506
05/23-05/29,ZO_TG,264,-1.2511559726977912
05/23-05/29,ZO_TG,340,-0.19486603063562494
05/23-05/29,ZO_TG,420,-0.33019385745181445
05/23-05/29,ZO_TG,504,-1.8337950884083463
05/23-05/29,ZO_TG,592,-1.9032271309005981
05/23-05/29,ZO_TG,684,-1.9028475795892195
05/23-05/29,ZO_TG,780,-2.1850088072930167
05/23-05/29,ZO_TG,880,-2.5860365245983292
05/23-05/29,ZO_TG,984,-2.7453535080465428
05/23-05/29,ZO_TG,1092,-3.008325910186192
05/23-05/29,ZO_TG,1204,-3.2691347899238554
05/23-05/29,ZO_TG,1320,-3.484830269661614
05/23-05/29,ZO_TG,1440,-3.4579822647042247
05/23-05/29,ZO_TG,1564,-3.511769641927176
05/23-05/29,ZO_TG,1692,-3.17142457156236
05/23-05/29,ZO_TG,1824,-3.1332495972278704
05/23-05/29,ZO_TG,1960,-3.0669471236711474
05/23-05/29,ZO_TG,2100,-3.250217311512012
05/23-05/29,ZO_TG,2244,-3.2531505743779427
05/23-05/29,ZO_TG,2392,-3.1876856420621316
05/23-05/29,ZO_TG,2544,-3.737547374014217
05/23-05/29,ZO_TG,2700,-3.6986295651294623
05/23-05/29,ZO_TG,2860,-3.801851843072215
05/23-05/29,ZO_TG,3024,-3.998611945147444
05/23-05/29,ZO_TG,3192,-4.127234416787929
05/23-05/29,ZO_TG,3364,-4.4717786083740885
05/23-05/29,ZO_TG,3540,-4.591883975423628
05/23-05/29,ZO_TG,3720,-4.565396426129859
05/23-05/29,ZO_TG,3904,-5.353890356728824
05/23-05/29,ZO_TG,4092,-5.472839419910147
05/23-05/29,ZO_TG,4284,-5.365161266224413
05/23-05/29,ZO_TG,4480,-5.408877355301498
05/23-05/29,ZO_TG,4680,-5.52408022855516
05/23-05/29,ZO_TG,4884,-5.490696634627504
05/23-05/29,ZO_TG,5092,-5.526420494412272
05/23-05/29,ZO_OG,0,3.0368398214778876
05/23-05/29,ZO_OG,30,4.4490546528457235
05/23-05/29,ZO_OG,62,6.628830437217325
05/23-05/29,ZO_OG,96,5.794769998328973
05/23-05/29,ZO_OG,132,6.323383279859444
05/23-05/29,ZO_OG,170,6.443969198071634
05/23-05/29,ZO_OG,210,7.423098599016226
05/23-05/29,ZO_OG,252,6.622782700395777
05/23-05/29,ZO_OG,296,5.784958171057607
05/23-05/29,ZO_OG,342,4.185298569523735
05/23-05/29,ZO_OG,390,5.681983497075317
05/23-05/29,ZO_OG,440,5.424597712941857
05/23-05/29,ZO_OG,492,3.6251462022721164
05/23-05/29,ZO_OG,546,2.8810200459493256
05/23-05/29,ZO_OG,602,2.7241204308117295
05/23-05/29,ZO_OG,660,2.6914251835680125
05/23-05/29,ZO_OG,720,2.9742803971974423
05/23-05/29,ZO_OG,782,3.647067429692484
05/23-05/29,ZO_OG,846,3.9403647831485067
05/23-05/29,ZO_OG,912,3.3800403731829882
05/23-05/29,ZO_OG,980,3.4893442642184835
05/23-05/29,ZO_OG,1050,4.010837959437783
05/23-05/29,ZO_OG,1122,3.441425329827326
05/23-05/29,ZO_OG,1196,3.881654445595812
05/23-05/29,ZO_OG,1272,4.079812896088837
05/23-05/29,ZO_OG,1350,3.9783352097395723
05/23-05/29,ZO_OG,1430,4.290411395892792
05/23-05/29,ZO_OG,1512,3.877879323310205
05/23-05/29,ZO_OG,1596,4.041939573200901
05/23-05/29,ZO_OG,1682,4.272329938293855
05/23-05/29,ZO_OG,1770,3.8849474238526756
05/23-05/29,ZO_OG,1860,4.076122887566637
05/23-05/29,ZO_OG,1952,4.187848110946823
05/23-05/29,ZO_OG,2046,3.953367039098982
05/23-05/29,ZO_OG,2142,4.217013038357364
05/23-05/29,ZO_OG,2240,4.180556652843215
05/23-05/29,ZO_OG,2340,3.888169729636053
05/23-05/29,ZO_OG,2442,3.547009108405333
05/23-05/29,ZO_OG,2546,3.2810341054821173
05/23-05/29,ZO_OG,2652,3.4465137087506217
05/23-05/29,ZO_OG,2760,3.617339358854733
05/23-05/29,ZO_OG,2870,3.848777401428768
05/23-05/29,ZO_OG,2982,3.547610200378227
05/23-05/29,ZO_OG,3096,3.6327567951542012
05/23-05/29,ZO_OG,3212,3.8168299195646895
05/23-05/29,ZO_OG,3330,3.793343200488663
05/23-05/29,ZO_OG,3450,3.568548232351191
05/23-05/29,ZO_OG,3572,3.4556498001267446
05/23-05/29,ZO_OG,3696,3.6644429209052505
05/23-05/29,ZO_OG,3822,3.6773021428974877
05/23-05/29,ZO_OG,3950,3.8370802202626955
05/23-05/29,ZO_OG,4080,3.9301395033952096
05/23-05/29,ZO_OG,4212,3.819088970781364
05/23-05/29,ZO_OG,4346,3.7728524373159407
05/23-05/29,ZO_OG,4482,3.7943454272482606
05/23-05/29,ZO_OG,4620,3.66861922400151
05/23-05/29,ZO_OG,4760,3.8637896732481987
05/23-05/29,ZO_OG,4902,3.661589234518479
05/23-05/29,ZO_OG,5046,3.793585270988649
05/23-05/29,ZO_OGVR,0,2.959796464904349
05/23-05/29,ZO_OGVR,50,4.841417720910878
05/23-05/29,ZO_OGVR,82,4.757001329160325
05/23-05/29,ZO_OGVR,116,5.1730534867345614
05/23-05/29,ZO_OGVR,152,3.674573339977482
05/23-05/29,ZO_OGVR,190,2.172800774084139
05/23-05/29,ZO_OGVR,230,2.1437376806723494
05/23-05/29,ZO_OGVR,272,1.9066147690518807
05/23-05/29,ZO_OGVR,316,2.0216713038497254
05/23-05/29,ZO_OGVR,362,1.8802682744948997
05/23-05/29,ZO_OGVR,410,1.830186603412818
05/23-05/29,ZO_OGVR,460,2.0058669887564666
05/23-05/29,ZO_OGVR,512,2.091099901106565
05/23-05/29,ZO_OGVR,566,1.7084948385985277
05/23-05/29,ZO_OGVR,622,1.2869440943890367
05/23-05/29,ZO_OGVR,680,1.2845576597352812
05/23-05/29,ZO_OGVR,740,1.1612062664153853
05/23-05/29,ZO_OGVR,802,0.5591641730341566
05/23-05/29,ZO_OGVR,866,0.5255519079261283
05/23-05/29,ZO_OGVR,932,0.30325583292833713
05/23-05/29,ZO_OGVR,1000,0.5021728641128479
05/23-05/29,ZO_OGVR,1070,-0.00022689292516881742
05/23-05/29,ZO_OGVR,1142,-0.04928330613481775
05/23-05/29,ZO_OGVR,1216,-0.12594522044637507
05/23-05/29,ZO_OGVR,1292,-0.2087629328196744
05/23-05/29,ZO_OGVR,1370,-0.4096461673960887
05/23-05/29,ZO_OGVR,1450,-0.533264669572404
05/23-05/29,ZO_OGVR,1532,-0.4496696126299112
05/23-05/29,ZO_OGVR,1616,-0.5088376905549856
05/23-05/29,ZO_OGVR,1702,-0.3552929929442688
05/23-05/29,ZO_OGVR,1790,-0.4832037319279665
05/23-05/29,ZO_OGVR,1880,-0.8524552224160042
05/23-05/29,ZO_OGVR,1972,-0.7773434674800647
05/23-05/29,ZO_OGVR,2066,-0.9235163332454666
05/23-05/29,ZO_OGVR,2162,-1.1132455018968421
05/23-05/29,ZO_OGVR,2260,-1.0296193232424975
05/23-05/29,ZO_OGVR,2360,-1.238267184501663
05/23-05/29,ZO_OGVR,2462,-1.256591882752165
05/23-05/29,ZO_OGVR,2566,-1.3345449372998044
05/23-05/29,ZO_OGVR,2672,-1.4721035888357563
05/23-05/29,ZO_OGVR,2780,-1.43553390142615
05/23-05/29,ZO_OGVR,2890,-1.3572931209823262
05/23-05/29,ZO_OGVR,3002,-1.3552514534767441
05/23-05/29,ZO_OGVR,3116,-1.4115387905584553
05/23-05/29,ZO_OGVR,3232,-1.4629370632732352
05/23-05/29,ZO_OGVR,3350,-1.4821980950648286
05/23-05/29,ZO_OGVR,3470,-1.4349603241692621
05/23-05/29,ZO_OGVR,3592,-1.6284587739813374
05/23-05/29,ZO_OGVR,3716,-1.4386293316070067
05/23-05/29,ZO_OGVR,3842,-1.3772286935955038
05/23-05/29,ZO_OGVR,3970,-1.289856783001817
05/23-05/29,ZO_OGVR,4100,-1.514736293052498
05/23-05/29,ZO_OGVR,4232,-1.3923626726063278
05/23-05/29,ZO_OGVR,4366,-1.5247454598176151
05/23-05/29,ZO_OGVR,4502,-1.4881415193632852
05/23-05/29,ZO_OGVR,4640,-1.611733652673751
05/23-05/29,ZO_OGVR,4780,-1.5076147024245752
05/23-05/29,ZO_OGVR,4922,-1.5365034258744055
05/23-05/29,ZO_OGVR,5066,-1.605766832447318
06/20-06/26,GZO_NS,0,11.175932054656082
06/20-06/26,GZO_NS,90,-1.535139361953522
06/20-06/26,GZO_NS,186,-1.5591273175525653
06/20-06/26,GZO_NS,288,-1.7346148282159575
06/20-06/26,GZO_NS,396,-6.978945606296319
06/20-06/26,GZO_NS,510,-6.9999828464889235
06/20-06/26,GZO_NS,630,-7.078530384807753
06/20-06/26,GZO_NS,756,-7.055765555617785
06/20-06/26,GZO_NS,888,-7.141676282795456
06/20-06/26,GZO_NS,1026,-7.07726615558928
06/20-06/26,GZO_NS,1170,-7.094136367724682
06/20-06/26,GZO_NS,1320,-7.288397599228774
06/20-06/26,GZO_NS,1476,-7.730634781522022
06/20-06/26,GZO_NS,1638,-7.74086619526238
06/20-06/26,GZO_NS,1806,-7.796862829135394
06/20-06/26,GZO_NS,1980,-8.741255871321046
06/20-06/26,GZO_NS,2160,-8.703019420968921
06/20-06/26,GZO_NS,2346,-8.822203277836026
06/20-06/26,GZO_NS,2538,-8.830371184678054
06/20-06/26,GZO_NS,2736,-8.792561507064985
06/20-06/26,GZO_NS,2940,-8.881628159280147
06/20-06/26,GZO_NS,3150,-8.912742513285952
06/20-06/26,GZO_NS,3366,-9.045661497663078
06/20-06/26,GZO_NS,3588,-9.06111237489634
06/20-06/26,GZO_NS,3816,-9.070919506811181
06/20-06/26,GZO_NS,4050,-9.010076923463302
06/20-06/26,GZO_NS,4290,-9.0367755067384
06/20-06/26,GZO_NS,4536,-9.062250519173789
06/20-06/26,GZO_NS,4788,-9.016891684492274
06/20-06/26,GZO_NS,5046,-9.148438833153335
06/20-06/26,GZO_HS,0,11.299656072359824
06/20-06/26,GZO_HS,60,10.97683801668028
06/20-06/26,GZO_HS,124,11.086122357117274
06/20-06/26,GZO_HS,192,11.212957784221711
06/20-06/26,GZO_HS,264,10.950937917378582
06/20-06/26,GZO_HS,340,-3.0389786341817384
06/20-06/26,GZO_HS,420,-8.175883261786787
06/20-06/26,GZO_HS,504,-8.124184635690717
06/20-06/26,GZO_HS,592,-8.158086988493547
06/20-06/26,GZO_HS,684,-8.524477093225542
06/20-06/26,GZO_HS,780,-8.667004282989012
06/20-06/26,GZO_HS,880,-8.602394780968691
06/20-06/26,GZO_HS,984,-8.620523990063521
06/20-06/26,GZO_HS,1092,-8.572833230465989
06/20-06/26,GZO_HS,1204,-8.599554906841552
06/20-06/26,GZO_HS,1320,-8.692393995278197
06/20-06/26,GZO_HS,1440,-8.641728496955878
06/20-06/26,GZO_HS,1564,-8.708766797623733
06/20-06/26,GZO_HS,1692,-8.653535233430782
06/20-06/26,GZO_HS,1824,-8.901855037811899
06/20-06/26,GZO_HS,1960,-8.77416346944727
06/20-06/26,GZO_HS,2100,-8.732804782018844
06/20-06/26,GZO_HS,2244,-8.854122600160766
06/20-06/26,GZO_HS,2392,-8.7168035064597
06/20-06/26,GZO_HS,2544,-8.711086300440563
06/20-06/26,GZO_HS,2700,-8.589088434940722
06/20-06/26,GZO_HS,2860,-8.705609404050367
06/20-06/26,GZO_HS,3024,-8.80719938496557
06/20-06/26,GZO_HS,3192,-8.816230811160079
06/20-06/26,GZO_HS,3364,-8.867625747767397
06/20-06/26,GZO_HS,3540,-8.66627104244618
06/20-06/26,GZO_HS,3720,-8.829488235650285
06/20-06/26,GZO_HS,3904,-8.717406832469608
06/20-06/26,GZO_HS,4092,-8.746735444888566
06/20-06/26,GZO_HS,4284,-8.721692124465022
06/20-06/26,GZO_HS,4480,-8.781193448511992
06/20-06/26,GZO_HS,4680,-8.91051051686092
06/20-06/26,GZO_HS,4884,-8.846634152572863
06/20-06/26,GZO_HS,5092,-8.864926051576775
06/20-06/26,ZO_TG,0,11.092642146932878
06/20-06/26,ZO_TG,60,-3.336686392017281
06/20-06/26,ZO_TG,124,-3.9294682755793557
06/20-06/26,ZO_TG,192,-4.372726482618491
06/20-06/26,ZO_TG,264,-5.029804593326551
06/20-06/26,ZO_TG,340,-4.610848970918147
06/20-06/26,ZO_TG,420,-4.597553461843467
06/20-06/26,ZO_TG,504,-5.082175407497281
06/20-06/26,ZO_TG,592,-5.029961597022071
06/20-06/26,ZO_TG,684,-6.688196504480172
06/20-06/26,ZO_TG,780,-6.6240655573733
06/20-06/26,ZO_TG,880,-6.631084426697221
06/20-06/26,ZO_TG,984,-6.738889374725776
06/20-06/26,ZO_TG,1092,-6.78551900598915
06/20-06/26,ZO_TG,1204,-6.805538405883054
06/20-06/26,ZO_TG,1320,-6.817628111418571
06/20-06/26,ZO_TG,1440,-6.884654595641483
06/20-06/26,ZO_TG,1564,-6.875083258292828
06/20-06/26,ZO_TG,1692,-7.442849897858392
06/20-06/26,ZO_TG,1824,-7.4970453214604715
06/20-06/26,ZO_TG,1960,-7.624704891717898
06/20-06/26,ZO_TG,2100,-7.6903429477910485
06/20-06/26,ZO_TG,2244,-7.884931549542279
06/20-06/26,ZO_TG,2392,-8.105166443218891
06/20-06/26,ZO_TG,2544,-8.224664214232394
06/20-06/26,ZO_TG,2700,-8.583805537059822
06/20-06/26,ZO_TG,2860,-8.959142650079702
06/20-06/26,ZO_TG,3024,-9.029387823551517
06/20-06/26,ZO_TG,3192,-9.097769050370914
06/20-06/26,ZO_TG,3364,-9.064565810832361
06/20-06/26,ZO_TG,3540,-9.128555866659623
06/20-06/26,ZO_TG,3720,-9.170883265461454
06/20-06/26,ZO_TG,3904,-9.161202127224984
06/20-06/26,ZO_TG,4092,-9.24273590857296
06/20-06/26,ZO_TG,4284,-9.18351212597754
06/20-06/26,ZO_TG,4480,-9.180244911222896
06/20-06/26,ZO_TG,4680,-9.16904111768624
06/20-06/26,ZO_TG,4884,-9.22719978973926
06/20-06/26,ZO_TG,5092,-9.237025357087417
06/20-06/26,ZO_OG,0,11.169977333628314
06/20-06/26,ZO_OG,30,13.897215811864221
06/20-06/26,ZO_OG,62,12.386578998921282
06/20-06/26,ZO_OG,96,14.784223719819401
06/20-06/26,ZO_OG,132,17.23724440016813
06/20-06/26,ZO_OG,170,13.998687455502283
06/20-06/26,ZO_OG,210,17.734834236006346
06/20-06/26,ZO_OG,252,14.403597947001016
06/20-06/26,ZO_OG,296,10.069418716192677
06/20-06/26,ZO_OG,342,10.860936350649284
06/20-06/26,ZO_OG,390,12.102615005761722
06/20-06/26,ZO_OG,440,11.390394845859541
06/20-06/26,ZO_OG,492,13.000655335559516
06/20-06/26,ZO_OG,546,14.062913614832562
06/20-06/26,ZO_OG,602,17.839100489857948
06/20-06/26,ZO_OG,660,20.46723993773555
06/20-06/26,ZO_OG,720,28.060285218562782
06/20-06/26,ZO_OG,782,23.692057192182627
06/20-06/26,ZO_OG,846,14.010996964547507
06/20-06/26,ZO_OG,912,11.997214583396945
06/20-06/26,ZO_OG,980,13.467476082849851
06/20-06/26,ZO_OG,1050,14.63794229875587
06/20-06/26,ZO_OG,1122,16.501434946571564
06/20-06/26,ZO_OG,1196,21.270330657201825
06/20-06/26,ZO_OG,1272,18.464207434443306
06/20-06/26,ZO_OG,1350,16.433813099730997
06/20-06/26,ZO_OG,1430,17.83762886708486
06/20-06/26,ZO_OG,1512,16.69684718100023
06/20-06/26,ZO_OG,1596,15.578782327291078
06/20-06/26,ZO_OG,1682,15.922504940018381
06/20-06/26,ZO_OG,1770,15.030077931911372
06/20-06/26,ZO_OG,1860,14.977135318924349
06/20-06/26,ZO_OG,1952,15.556097555224328
06/20-06/26,ZO_OG,2046,14.455529186200092
06/20-06/26,ZO_OG,2142,14.40392626099955
06/20-06/26,ZO_OG,2240,14.495882659687409
06/20-06/26,ZO_OG,2340,14.252268073645542
06/20-06/26,ZO_OG,2442,14.123721712331895
06/20-06/26,ZO_OG,2546,14.708011205566345
06/20-06/26,ZO_OG,2652,14.540433731129244
06/20-06/26,ZO_OG,2760,14.533479909974742
06/20-06/26,ZO_OG,2870,14.709392276949526
06/20-06/26,ZO_OG,2982,14.736757226583167
06/20-06/26,ZO_OG,3096,16.203051324052648
06/20-06/26,ZO_OG,3212,14.673774586225719
06/20-06/26,ZO_OG,3330,16.40667261739884
06/20-06/26,ZO_OG,3450,15.478704275668749
06/20-06/26,ZO_OG,3572,16.183987635199273
06/20-06/26,ZO_OG,3696,15.639458533527275
06/20-06/26,ZO_OG,3822,15.900196634731714
06/20-06/26,ZO_OG,3950,16.26099831364815
06/20-06/26,ZO_OG,4080,17.28410285915933
06/20-06/26,ZO_OG,4212,19.129469506522874
06/20-06/26,ZO_OG,4346,18.922140592876772
06/20-06/26,ZO_OG,4482,17.268182371305826
06/20-06/26,ZO_OG,4620,16.736847074263277
06/20-06/26,ZO_OG,4760,15.974703163967904
06/20-06/26,ZO_OG,4902,17.404132553004874
06/20-06/26,ZO_OG,5046,18.507971520205388
06/20-06/26,ZO_OGVR,0,11.11780930559185
06/20-06/26,ZO_OGVR,50,6.384443988711398
06/20-06/26,ZO_OGVR,82,6.267582099079982
06/20-06/26,ZO_OGVR,116,5.708105522857182
06/20-06/26,ZO_OGVR,152,0.06823994312708806
06/20-06/26,ZO_OGVR,190,-0.8630288073850855
06/20-06/26,ZO_OGVR,230,-1.5769267822673163
06/20-06/26,ZO_OGVR,272,-1.702182406472457
06/20-06/26,ZO_OGVR,316,-2.024025044094988
06/20-06/26,ZO_OGVR,362,-2.071950036285229
06/20-06/26,ZO_OGVR,410,-2.146980405306921
06/20-06/26,ZO_OGVR,460,-0.8635541169531727
06/20-06/26,ZO_OGVR,512,-4.110024152935819
06/20-06/26,ZO_OGVR,566,-4.216152992608627
06/20-06/26,ZO_OGVR,622,-4.207950959635011
06/20-06/26,ZO_OGVR,680,-5.534203763504053
06/20-06/26,ZO_OGVR,740,-5.733234571756373
06/20-06/26,ZO_OGVR,802,-6.325431622604258
06/20-06/26,ZO_OGVR,866,-6.337504215631734
06/20-06/26,ZO_OGVR,932,-6.552233600721104
06/20-06/26,ZO_OGVR,1000,-6.572523452599016
06/20-06/26,ZO_OGVR,1070,-6.613827728231144
06/20-06/26,ZO_OGVR,1142,-6.637799432807693
06/20-06/26,ZO_OGVR,1216,-6.6561927682739555
06/20-06/26,ZO_OGVR,1292,-6.891354153120522
06/20-06/26,ZO_OGVR,1370,-6.940100343491535
06/20-06/26,ZO_OGVR,1450,-6.942552740179634
06/20-06/26,ZO_OGVR,1532,-6.909983851145094
06/20-06/26,ZO_OGVR,1616,-6.945164145522504
06/20-06/26,ZO_OGVR,1702,-7.226888018283603
06/20-06/26,ZO_OGVR,1790,-7.273656057428221
06/20-06/26,ZO_OGVR,1880,-7.238544562498441
06/20-06/26,ZO_OGVR,1972,-7.2484846985921445
06/20-06/26,ZO_OGVR,2066,-7.232215447591684
06/20-06/26,ZO_OGVR,2162,-7.343282950752946
06/20-06/26,ZO_OGVR,2260,-7.357322549398072
06/20-06/26,ZO_OGVR,2360,-7.383642129766798
06/20-06/26,ZO_OGVR,2462,-7.438638309769179
06/20-06/26,ZO_OGVR,2566,-7.378636001151576
06/20-06/26,ZO_OGVR,2672,-7.390287288102485
06/20-06/26,ZO_OGVR,2780,-7.372433302766446
06/20-06/26,ZO_OGVR,2890,-7.387909411997281
06/20-06/26,ZO_OGVR,3002,-7.420267643562916
06/20-06/26,ZO_OGVR,3116,-7.379704441768579
06/20-06/26,ZO_OGVR,3232,-7.386164969591859
06/20-06/26,ZO_OGVR,3350,-7.40867765901131
06/20-06/26,ZO_OGVR,3470,-7.450649044073195
06/20-06/26,ZO_OGVR,3592,-7.441425518901691
06/20-06/26,ZO_OGVR,3716,-7.584133333228056
06/20-06/26,ZO_OGVR,3842,-7.520035238353346
06/20-06/26,ZO_OGVR,3970,-7.55465647536494
06/20-06/26,ZO_OGVR,4100,-7.570715754677662
06/20-06/26,ZO_OGVR,4232,-7.575926015998094
06/20-06/26,ZO_OGVR,4366,-7.546824474200531
06/20-06/26,ZO_OGVR,4502,-7.603806080684315
06/20-06/26,ZO_OGVR,4640,-7.588676098895129
06/20-06/26,ZO_OGVR,4780,-7.574672044860309
06/20-06/26,ZO_OGVR,4922,-7.563642055958315
06/20-06/26,ZO_OGVR,5066,-7.612287731552711
07/18-07/24,GZO_NS,0,10.91119020325968
07/18-07/24,GZO_NS,90,10.68322161858468
07/18-07/24,GZO_NS,186,-7.643078983322946
07/18-07/24,GZO_NS,288,-8.12731200212095
07/18-07/24,GZO_NS,396,-8.306827141114834
07/18-07/24,GZO_NS,510,-8.299067954045094
07/18-07/24,GZO_NS,630,-8.414732862538703
07/18-07/24,GZO_NS,756,-8.247351751350696
07/18-07/24,GZO_NS,888,-8.18102076380685
07/18-07/24,GZO_NS,1026,-8.30341044733156
07/18-07/24,GZO_NS,1170,-8.23857989045871
07/18-07/24,GZO_NS,1320,-8.517800533354679
07/18-07/24,GZO_NS,1476,-8.277849002996016
07/18-07/24,GZO_NS,1638,-8.255467256766277
07/18-07/24,GZO_NS,1806,-8.300614119728126
07/18-07/24,GZO_NS,1980,-8.291236498181728
07/18-07/24,GZO_NS,2160,-8.361577790268708
07/18-07/24,GZO_NS,2346,-8.312859534327389
07/18-07/24,GZO_NS,2538,-8.23771809763544
07/18-07/24,GZO_NS,2736,-8.24707902816612
07/18-07/24,GZO_NS,2940,-8.312923729422083
07/18-07/24,GZO_NS,3150,-8.351765976034262
07/18-07/24,GZO_NS,3366,-8.346178221817235
07/18-07/24,GZO_NS,3588,-8.166168569137525
07/18-07/24,GZO_NS,3816,-8.365049091719055
07/18-07/24,GZO_NS,4050,-8.20859499520186
07/18-07/24,GZO_NS,4290,-8.264068358228792
07/18-07/24,GZO_NS,4536,-8.37934196457503
07/18-07/24,GZO_NS,4788,-8.247157660133166
07/18-07/24,GZO_NS,5046,-8.413244323610366
07/18-07/24,GZO_HS,0,10.912930206991804
07/18-07/24,GZO_HS,60,10.867886307217168
07/18-07/24,GZO_HS,124,10.887652900422461
07/18-07/24,GZO_HS,192,4.450046768845135
07/18-07/24,GZO_HS,264,-2.178928540193861
07/18-07/24,GZO_HS,340,-2.6867760636828444
07/18-07/24,GZO_HS,420,-3.129055592166519
07/18-07/24,GZO_HS,504,-3.155150596845565
07/18-07/24,GZO_HS,592,-3.1644265817485127
07/18-07/24,GZO_HS,684,-3.208017342233522
07/18-07/24,GZO_HS,780,-3.7883586489560668
07/18-07/24,GZO_HS,880,-3.8695492345482534
07/18-07/24,GZO_HS,984,-3.991164208039348
07/18-07/24,GZO_HS,1092,-4.497380475129062
07/18-07/24,GZO_HS,1204,-4.497401719654859
07/18-07/24,GZO_HS,1320,-4.600922209632511
07/18-07/24,GZO_HS,1440,-4.537554183290065
07/18-07/24,GZO_HS,1564,-4.646271986703438
07/18-07/24,GZO_HS,1692,-4.537713464472241
07/18-07/24,GZO_HS,1824,-4.535723280191875
07/18-07/24,GZO_HS,1960,-4.626249132509218
07/18-07/24,GZO_HS,2100,-4.515473272470153
07/18-07/24,GZO_HS,2244,-4.677605073618865
07/18-07/24,GZO_HS,2392,-4.5460759540572
07/18-07/24,GZO_HS,2544,-4.5749001472116255
07/18-07/24,GZO_HS,2700,-4.6296952461525285
07/18-07/24,GZO_HS,2860,-4.664866266122232
07/18-07/24,GZO_HS,3024,-4.6220437735359
07/18-07/24,GZO_HS,3192,-4.7022623411773745
07/18-07/24,GZO_HS,3364,-4.704626197065159
07/18-07/24,GZO_HS,3540,-4.674411602849132
07/18-07/24,GZO_HS,3720,-4.653047658452465
07/18-07/24,GZO_HS,3904,-4.719094399038552
07/18-07/24,GZO_HS,4092,-4.68182028942522
07/18-07/24,GZO_HS,4284,-4.656009450342941
07/18-07/24,GZO_HS,4480,-4.659621327292141
07/18-07/24,GZO_HS,4680,-4.688591062380303
07/18-07/24,GZO_HS,4884,-4.723359120989693
07/18-07/24,GZO_HS,5092,-4.689474402403073
07/18-07/24,ZO_TG,0,10.90092189421501
07/18-07/24,ZO_TG,60,10.665945582087792
07/18-07/24,ZO_TG,124,10.612297871273546
07/18-07/24,ZO_TG,192,10.486121683592438
07/18-07/24,ZO_TG,264,9.257590210362508
07/18-07/24,ZO_TG,340,9.002708622403112
07/18-07/24,ZO_TG,420,1.0188902484852045
07/18-07/24,ZO_TG,504,-2.9914747104172963
07/18-07/24,ZO_TG,592,-3.7685369320179074
07/18-07/24,ZO_TG,684,-3.6376656784058943
07/18-07/24,ZO_TG,780,-3.7786725029265433
07/18-07/24,ZO_TG,880,-4.513908618104562
07/18-07/24,ZO_TG,984,-4.7345732680291075
07/18-07/24,ZO_TG,1092,-6.021072202182591
07/18-07/24,ZO_TG,1204,-6.9103258178866875
07/18-07/24,ZO_TG,1320,-7.016276305112583
07/18-07/24,ZO_TG,1440,-7.376393079093919
07/18-07/24,ZO_TG,1564,-7.326579364501281
07/18-07/24,ZO_TG,1692,-7.44517879928389
07/18-07/24,ZO_TG,1824,-7.413752971495535
07/18-07/24,ZO_TG,1960,-7.845021109385176
07/18-07/24,ZO_TG,2100,-7.862102834891269
07/18-07/24,ZO_TG,2244,-7.848639267488704
07/18-07/24,ZO_TG,2392,-8.148702627341398
07/18-07/24,ZO_TG,2544,-8.692190997718276
07/18-07/24,ZO_TG,2700,-8.71225826120638
07/18-07/24,ZO_TG,2860,-8.730009142269353
07/18-07/24,ZO_TG,3024,-8.728309946240206
07/18-07/24,ZO_TG,3192,-8.686106121988953
07/18-07/24,ZO_TG,3364,-8.760388806297826
07/18-07/24,ZO_TG,3540,-8.754653434926743
07/18-07/24,ZO_TG,3720,-8.687309471642168
07/18-07/24,ZO_TG,3904,-8.672899203424445
07/18-07/24,ZO_TG,4092,-8.723838316051319
07/18-07/24,ZO_TG,4284,-8.828642213451026
07/18-07/24,ZO_TG,4480,-8.769869875066833
07/18-07/24,ZO_TG,4680,-8.772197413728898
07/18-07/24,ZO_TG,4884,-8.774318639581521
07/18-07/24,ZO_TG,5092,-8.827164691666297
07/18-07/24,ZO_OG,0,10.836796442192156
07/18-07/24,ZO_OG,30,8.768247313093296
07/18-07/24,ZO_OG,62,8.389524329228475
07/18-07/24,ZO_OG,96,9.267966219206992
07/18-07/24,ZO_OG,132,11.67668211482535
07/18-07/24,ZO_OG,170,4.590117527720053
07/18-07/24,ZO_OG,210,2.5518645998027223
07/18-07/24,ZO_OG,252,1.222263307579664
07/18-07/24,ZO_OG,296,1.2874777238564
07/18-07/24,ZO_OG,342,0.9228638822850341
07/18-07/24,ZO_OG,390,1.1703238332723076
07/18-07/24,ZO_OG,440,0.8839811202247745
07/18-07/24,ZO_OG,492,0.6434366037203949
07/18-07/24,ZO_OG,546,0.7632597832180515
07/18-07/24,ZO_OG,602,0.7703872228201923
07/18-07/24,ZO_OG,660,0.6916052216046397
07/18-07/24,ZO_OG,720,0.6932071557835682
07/18-07/24,ZO_OG,782,0.7447042808307335
07/18-07/24,ZO_OG,846,0.5869364263095592
07/18-07/24,ZO_OG,912,0.6129060031001684
07/18-07/24,ZO_OG,980,0.6084569505132785
07/18-07/24,ZO_OG,1050,0.6509599409897522
07/18-07/24,ZO_OG,1122,0.6603261967403588
07/18-07/24,ZO_OG,1196,0.6387913796309277
07/18-07/24,ZO_OG,1272,0.6132940270156082
07/18-07/24,ZO_OG,1350,0.6440208875668384
07/18-07/24,ZO_OG,1430,0.6963517704219576
07/18-07/24,ZO_OG,1512,0.6374326668296113
07/18-07/24,ZO_OG,1596,0.6552433706914194
07/18-07/24,ZO_OG,1682,0.6418414801318177
07/18-07/24,ZO_OG,1770,0.5388454886263001
07/18-07/24,ZO_OG,1860,0.6162831310222159
07/18-07/24,ZO_OG,1952,0.6263961213757784
07/18-07/24,ZO_OG,2046,0.5978956157012987
07/18-07/24,ZO_OG,2142,0.6336296030944846
07/18-07/24,ZO_OG,2240,0.6050761001324615
07/18-07/24,ZO_OG,2340,0.5924427464724186
07/18-07/24,ZO_OG,2442,0.6621347463803622
07/18-07/24,ZO_OG,2546,0.639389070264354
07/18-07/24,ZO_OG,2652,0.6160183650461118
07/18-07/24,ZO_OG,2760,0.54238858022891
07/18-07/24,ZO_OG,2870,0.5696678999249902
07/18-07/24,ZO_OG,2982,0.5342341490931469
07/18-07/24,ZO_OG,3096,0.4965829353145932
07/18-07/24,ZO_OG,3212,0.5165657409665523
07/18-07/24,ZO_OG,3330,0.5163164725534262
07/18-07/24,ZO_OG,3450,0.6056375272093248
07/18-07/24,ZO_OG,3572,0.6097697773599547
07/18-07/24,ZO_OG,3696,0.5818826301045525
07/18-07/24,ZO_OG,3822,0.5723420807955608
07/18-07/24,ZO_OG,3950,0.5440684021855415
07/18-07/24,ZO_OG,4080,0.5293229932899005
07/18-07/24,ZO_OG,4212,0.49468126327212303
07/18-07/24,ZO_OG,4346,0.572107873192146
07/18-07/24,ZO_OG,4482,0.5251935297430765
07/18-07/24,ZO_OG,4620,0.5323301724220348
07/18-07/24,ZO_OG,4760,0.5012336546390475
07/18-07/24,ZO_OG,4902,0.5432789685854624
07/18-07/24,ZO_OG,5046,0.4736800268097019
07/18-07/24,ZO_OGVR,0,10.880967953005303
07/18-07/24,ZO_OGVR,50,9.246052227668835
07/18-07/24,ZO_OGVR,82,9.340334225713507
07/18-07/24,ZO_OGVR,116,9.159191132710149
07/18-07/24,ZO_OGVR,152,6.090974139217105
07/18-07/24,ZO_OGVR,190,6.045930080038001
07/18-07/24,ZO_OGVR,230,7.960416327130652
07/18-07/24,ZO_OGVR,272,0.41408033059131577
07/18-07/24,ZO_OGVR,316,0.05458330759077139
07/18-07/24,ZO_OGVR,362,0.38873280022297535
07/18-07/24,ZO_OGVR,410,0.04589477377146628
07/18-07/24,ZO_OGVR,460,-2.575989449994759
07/18-07/24,ZO_OGVR,512,-2.840034313039325
07/18-07/24,ZO_OGVR,566,-2.876824626852224
07/18-07/24,ZO_OGVR,622,-2.8871935237675173
07/18-07/24,ZO_OGVR,680,-3.3975780213136186
07/18-07/24,ZO_OGVR,740,-2.450942938808556
07/18-07/24,ZO_OGVR,802,-2.4268049289999563
07/18-07/24,ZO_OGVR,866,-2.4725509801619427
07/18-07/24,ZO_OGVR,932,-2.498302169142321
07/18-07/24,ZO_OGVR,1000,-2.4805181349530603
07/18-07/24,ZO_OGVR,1070,-2.5287811852413884
07/18-07/24,ZO_OGVR,1142,-2.5146421667219445
07/18-07/24,ZO_OGVR,1216,-2.3815655531716864
07/18-07/24,ZO_OGVR,1292,-2.9275952922237685
07/18-07/24,ZO_OGVR,1370,-2.903556404866228
07/18-07/24,ZO_OGVR,1450,-3.0104251599605765
07/18-07/24,ZO_OGVR,1532,-2.8885222911017716
07/18-07/24,ZO_OGVR,1616,-2.870636606007704
07/18-07/24,ZO_OGVR,1702,-2.909396138731354
07/18-07/24,ZO_OGVR,1790,-2.920028131016788
07/18-07/24,ZO_OGVR,1880,-2.8909424295369974
07/18-07/24,ZO_OGVR,1972,-2.983212618196749
07/18-07/24,ZO_OGVR,2066,-3.0623633207177816
07/18-07/24,ZO_OGVR,2162,-3.1518037201376456
07/18-07/24,ZO_OGVR,2260,-3.174115467905146
07/18-07/24,ZO_OGVR,2360,-3.1800062229823682
07/18-07/24,ZO_OGVR,2462,-3.407820621277926
07/18-07/24,ZO_OGVR,2566,-3.526191228156269
07/18-07/24,ZO_OGVR,2672,-3.47755785482748
07/18-07/24,ZO_OGVR,2780,-3.501749215074051
07/18-07/24,ZO_OGVR,2890,-3.6387242534400857
07/18-07/24,ZO_OGVR,3002,-4.2354194855751395
07/18-07/24,ZO_OGVR,3116,-4.321723567394469
07/18-07/24,ZO_OGVR,3232,-4.323299060774517
07/18-07/24,ZO_OGVR,3350,-4.372105184316199
07/18-07/24,ZO_OGVR,3470,-4.354390132309691
07/18-07/24,ZO_OGVR,3592,-4.382248065901891
07/18-07/24,ZO_OGVR,3716,-4.328207491780644
07/18-07/24,ZO_OGVR,3842,-4.3208372285918495
07/18-07/24,ZO_OGVR,3970,-4.390053451188031
07/18-07/24,ZO_OGVR,4100,-4.347331015377541
07/18-07/24,ZO_OGVR,4232,-4.404530597790367
07/18-07/24,ZO_OGVR,4366,-4.437428564310829
07/18-07/24,ZO_OGVR,4502,-4.460021165698759
07/18-07/24,ZO_OGVR,4640,-4.473987511719317
07/18-07/24,ZO_OGVR,4780,-4.571956607862672
07/18-07/24,ZO_OGVR,4922,-4.532339409504751
07/18-07/24,ZO_OGVR,5066,-4.606894864350242
08/08-08/14,GZO_NS,0,0.660134383493924
08/08-08/14,GZO_NS,90,-0.3287075723960824
08/08-08/14,GZO_NS,186,-0.8247685801810355
08/08-08/14,GZO_NS,288,-5.517309933828908
08/08-08/14,GZO_NS,396,-5.352662561953605
08/08-08/14,GZO_NS,510,-5.708024253011399
08/08-08/14,GZO_NS,630,-8.721914116858484
08/08-08/14,GZO_NS,756,-9.452678695590802
08/08-08/14,GZO_NS,888,-12.016159009576524
08/08-08/14,GZO_NS,1026,-11.936870512879075
08/08-08/14,GZO_NS,1170,-12.47934891263288
08/08-08/14,GZO_NS,1320,-12.512441872967035
08/08-08/14,GZO_NS,1476,-12.410150047162166
08/08-08/14,GZO_NS,1638,-12.944154087041857
08/08-08/14,GZO_NS,1806,-13.007228838515573
08/08-08/14,GZO_NS,1980,-13.232244945483439
08/08-08/14,GZO_NS,2160,-13.315226908595035
08/08-08/14,GZO_NS,2346,-13.305437079642624
08/08-08/14,GZO_NS,2538,-13.638492486130113
08/08-08/14,GZO_NS,2736,-13.792211271040959
08/08-08/14,GZO_NS,2940,-13.713370118008278
08/08-08/14,GZO_NS,3150,-13.82630967080127
08/08-08/14,GZO_NS,3366,-13.812427245514462
08/08-08/14,GZO_NS,3588,-13.982986756820404
08/08-08/14,GZO_NS,3816,-13.95906515445549
08/08-08/14,GZO_NS,4050,-14.232101497404713
08/08-08/14,GZO_NS,4290,-14.46731737943239
08/08-08/14,GZO_NS,4536,-14.620603897091645
08/08-08/14,GZO_NS,4788,-14.572004963793846
08/08-08/14,GZO_NS,5046,-14.788090749358627
08/08-08/14,GZO_HS,0,0.7252616650187897
08/08-08/14,GZO_HS,60,0.7519036535704422
08/08-08/14,GZO_HS,124,0.5926373590158648
08/08-08/14,GZO_HS,192,0.5015982650595047
08/08-08/14,GZO_HS,264,-3.0425698556821152
08/08-08/14,GZO_HS,340,-3.090315675497572
08/08-08/14,GZO_HS,420,-10.64932612421154
08/08-08/14,GZO_HS,504,-12.12005192560031
08/08-08/14,GZO_HS,592,-12.625782172882431
08/08-08/14,GZO_HS,684,-12.945596547997487
08/08-08/14,GZO_HS,780,-12.930746321868051
08/08-08/14,GZO_HS,880,-13.025139965111052
08/08-08/14,GZO_HS,984,-13.030121357075114
08/08-08/14,GZO_HS,1092,-13.367702640015827
08/08-08/14,GZO_HS,1204,-13.403888591317543
08/08-08/14,GZO_HS,1320,-13.432176972031812
08/08-08/14,GZO_HS,1440,-13.904797681473768
08/08-08/14,GZO_HS,1564,-13.961418711619672
08/08-08/14,GZO_HS,1692,-14.128350601827064
08/08-08/14,GZO_HS,1824,-14.161761258142306
08/08-08/14,GZO_HS,1960,-14.227039582276026
08/08-08/14,GZO_HS,2100,-14.130781547894298
08/08-08/14,GZO_HS,2244,-14.595145406260002
08/08-08/14,GZO_HS,2392,-14.569086687171563
08/08-08/14,GZO_HS,2544,-14.691794550014782
08/08-08/14,GZO_HS,2700,-14.604068723047986
08/08-08/14,GZO_HS,2860,-14.585472403788572
08/08-08/14,GZO_HS,3024,-14.679395659297597
08/08-08/14,GZO_HS,3192,-14.709670793225127
08/08-08/14,GZO_HS,3364,-14.619885845445435
08/08-08/14,GZO_HS,3540,-14.713599216652863
08/08-08/14,GZO_HS,3720,-14.680163614096433
08/08-08/14,GZO_HS,3904,-14.695807751268335
08/08-08/14,GZO_HS,4092,-14.691843430879537
08/08-08/14,GZO_HS,4284,-14.770331885075862
08/08-08/14,GZO_HS,4480,-14.878950864121947
08/08-08/14,GZO_HS,4680,-14.855973589104355
08/08-08/14,GZO_HS,4884,-14.82543205045893
08/08-08/14,GZO_HS,5092,-14.817304847308364
08/08-08/14,ZO_TG,0,0.7760687508676152
08/08-08/14,ZO_TG,60,0.7234559916273581
08/08-08/14,ZO_TG,124,0.1626523232100619
08/08-08/14,ZO_TG,192,-0.644882485964403
08/08-08/14,ZO_TG,264,-0.6367017745685121
08/08-08/14,ZO_TG,340,-0.677757511914848
08/08-08/14,ZO_TG,420,-1.2728782866715287
08/08-08/14,ZO_TG,504,-1.4319629060963912
08/08-08/14,ZO_TG,592,-1.6799648858481377
08/08-08/14,ZO_TG,684,-1.628445219339261
08/08-08/14,ZO_TG,780,-0.5868661838349647
08/08-08/14,ZO_TG,880,-0.5152382885409388
08/08-08/14,ZO_TG,984,-0.6858077114127903
08/08-08/14,ZO_TG,1092,-0.8703036935156834
08/08-08/14,ZO_TG,1204,-1.0861313914458612
08/08-08/14,ZO_TG,1320,-1.1208511035830702
08/08-08/14,ZO_TG,1440,-2.3636217076957045
08/08-08/14,ZO_TG,1564,-2.5375512817868775
08/08-08/14,ZO_TG,1692,-2.607815013462662
08/08-08/14,ZO_TG,1824,-4.784033717754776
08/08-08/14,ZO_TG,1960,-4.757294609736136
08/08-08/14,ZO_TG,2100,-4.883821501196443
08/08-08/14,ZO_TG,2244,-5.000745426532925
08/08-08/14,ZO_TG,2392,-5.096476808944389
08/08-08/14,ZO_TG,2544,-5.5729508030891814
08/08-08/14,ZO_TG,2700,-5.598785289683756
08/08-08/14,ZO_TG,2860,-5.938038082374787
08/08-08/14,ZO_TG,3024,-5.912883352273375
08/08-08/14,ZO_TG,3192,-5.873696301608067
08/08-08/14,ZO_TG,3364,-5.956141774849517
08/08-08/14,ZO_TG,3540,-6.199927605769416
08/08-08/14,ZO_TG,3720,-6.285785127683055
08/08-08/14,ZO_TG,3904,-6.352468277976126
08/08-08/14,ZO_TG,4092,-6.297492767362711
08/08-08/14,ZO_TG,4284,-6.651456794293228
08/08-08/14,ZO_TG,4480,-6.76961791462926
08/08-08/14,ZO_TG,4680,-6.815985088507738
08/08-08/14,ZO_TG,4884,-6.90136706660315
08/08-08/14,ZO_TG,5092,-6.852269119570597
08/08-08/14,ZO_OG,0,0.7751566176450488
08/08-08/14,ZO_OG,30,1.359735361952241
08/08-08/14,ZO_OG,62,1.7806283266522924
08/08-08/14,ZO_OG,96,1.7521507598698118
08/08-08/14,ZO_OG,132,2.1907710985857163
08/08-08/14,ZO_OG,170,1.5695656799144868
08/08-08/14,ZO_OG,210,1.2174369809609946
08/08-08/14,ZO_OG,252,0.9018179418885759
08/08-08/14,ZO_OG,296,0.9493710115035338
08/08-08/14,ZO_OG,342,0.8570745028248565
08/08-08/14,ZO_OG,390,0.43475874287650956
08/08-08/14,ZO_OG,440,0.7422095511242556
08/08-08/14,ZO_OG,492,0.6904528940980952
08/08-08/14,ZO_OG,546,0.6439531784835094
08/08-08/14,ZO_OG,602,0.5570655793368328
08/08-08/14,ZO_OG,660,0.5337023502776567
08/08-08/14,ZO_OG,720,0.5502042901918174
08/08-08/14,ZO_OG,782,0.3925329878035124
08/08-08/14,ZO_OG,846,0.46574308546972487
08/08-08/14,ZO_OG,912,0.39444175089191763
08/08-08/14,ZO_OG,980,0.4965198607591642
08/08-08/14,ZO_OG,1050,0.278977729907314
08/08-08/14,ZO_OG,1122,0.33547603592906283
08/08-08/14,ZO_OG,1196,0.4481390040209717
08/08-08/14,ZO_OG,1272,0.48049201188167634
08/08-08/14,ZO_OG,1350,0.2871046001239147
08/08-08/14,ZO_OG,1430,0.37270002015253784
08/08-08/14,ZO_OG,1512,0.21229495510237403
08/08-08/14,ZO_OG,1596,0.5150099093920745
08/08-08/14,ZO_OG,1682,0.2930517346145532
08/08-08/14,ZO_OG,1770,0.3634509613773292
08/08-08/14,ZO_OG,1860,0.5279181065989228
08/08-08/14,ZO_OG,1952,0.4629989806495586
08/08-08/14,ZO_OG,2046,0.4634586074697086
08/08-08/14,ZO_OG,2142,0.48364969638004013
08/08-08/14,ZO_OG,2240,0.4548250969632815
08/08-08/14,ZO_OG,2340,0.32281759637171253
08/08-08/14,ZO_OG,2442,0.4796626645252513
08/08-08/14,ZO_OG,2546,0.3826528862301641
08/08-08/14,ZO_OG,2652,0.39137081550613434
08/08-08/14,ZO_OG,2760,0.29562814232109563
08/08-08/14,ZO_OG,2870,0.5088897551069124
08/08-08/14,ZO_OG,2982,0.39992936646223776
08/08-08/14,ZO_OG,3096,0.4756288027558715
08/08-08/14,ZO_OG,3212,0.41749169246511325
08/08-08/14,ZO_OG,3330,0.5417023071878768
08/08-08/14,ZO_OG,3450,0.4592957027638158
08/08-08/14,ZO_OG,3572,0.3268502685104529
08/08-08/14,ZO_OG,3696,0.30608388725795066
08/08-08/14,ZO_OG,3822,0.6040856208188533
08/08-08/14,ZO_OG,3950,0.43398973824210496
08/08-08/14,ZO_OG,4080,0.49812381974250264
08/08-08/14,ZO_OG,4212,0.46192757462252937
08/08-08/14,ZO_OG,4346,0.48721777336275834
08/08-08/14,ZO_OG,4482,0.4683452077179047
08/08-08/14,ZO_OG,4620,0.40812207935856804
08/08-08/14,ZO_OG,4760,0.6533511840205697
08/08-08/14,ZO_OG,4902,0.485506553951444
08/08-08/14,ZO_OG,5046,0.4180643670034533
08/08-08/14,ZO_OGVR,0,0.7738418747786616
08/08-08/14,ZO_OGVR,50,0.35882864216523
08/08-08/14,ZO_OGVR,82,0.33302453634351914
08/08-08/14,ZO_OGVR,116,0.3745538327322861
08/08-08/14,ZO_OGVR,152,0.34458045924776004
08/08-08/14,ZO_OGVR,190,0.1165657494173974
08/08-08/14,ZO_OGVR,230,-0.6349341424394825
08/08-08/14,ZO_OGVR,272,-1.2024383509301755
08/08-08/14,ZO_OGVR,316,-2.1626233802471195
08/08-08/14,ZO_OGVR,362,-2.3536639540414437
08/08-08/14,ZO_OGVR,410,-2.416072981968481
08/08-08/14,ZO_OGVR,460,-2.2888442218710114
08/08-08/14,ZO_OGVR,512,-2.334670676708635
08/08-08/14,ZO_OGVR,566,-2.81769237783486
08/08-08/14,ZO_OGVR,622,-2.795999612145065
08/08-08/14,ZO_OGVR,680,-3.1459173575803576
08/08-08/14,ZO_OGVR,740,-3.2154130331647877
08/08-08/14,ZO_OGVR,802,-3.470799516725072
08/08-08/14,ZO_OGVR,866,-3.7254908306995946
08/08-08/14,ZO_OGVR,932,-3.639378741114352
08/08-08/14,ZO_OGVR,1000,-3.700258561537489
08/08-08/14,ZO_OGVR,1070,-3.772588296202742
08/08-08/14,ZO_OGVR,1142,-3.751522836302648
08/08-08/14,ZO_OGVR,1216,-3.8801970686020004
08/08-08/14,ZO_OGVR,1292,-4.191964185947234
08/08-08/14,ZO_OGVR,1370,-4.307824326693119
08/08-08/14,ZO_OGVR,1450,-4.34077997308468
08/08-08/14,ZO_OGVR,1532,-4.413609697920978
08/08-08/14,ZO_OGVR,1616,-4.543940370390679
08/08-08/14,ZO_OGVR,1702,-4.679192243151624
08/08-08/14,ZO_OGVR,1790,-4.645733983109544
08/08-08/14,ZO_OGVR,1880,-4.709332314288744
08/08-08/14,ZO_OGVR,1972,-4.77734107005268
08/08-08/14,ZO_OGVR,2066,-4.928865640287287
08/08-08/14,ZO_OGVR,2162,-5.006794931144729
08/08-08/14,ZO_OGVR,2260,-4.965098901788101
08/08-08/14,ZO_OGVR,2360,-5.30895543862104
08/08-08/14,ZO_OGVR,2462,-5.382971540630251
08/08-08/14,ZO_OGVR,2566,-5.193988152453057
08/08-08/14,ZO_OGVR,2672,-5.249248091156379
08/08-08/14,ZO_OGVR,2780,-5.358586521338167
08/08-08/14,ZO_OGVR,2890,-5.270200494991785
08/08-08/14,ZO_OGVR,3002,-5.34357274073384
08/08-08/14,ZO_OGVR,3116,-5.2858477797476855
08/08-08/14,ZO_OGVR,3232,-5.432832816831582
08/08-08/14,ZO_OGVR,3350,-5.554885222159935
08/08-08/14,ZO_OGVR,3470,-5.543893160682226
08/08-08/14,ZO_OGVR,3592,-5.567332096604496
08/08-08/14,ZO_OGVR,3716,-5.558627430771632
08/08-08/14,ZO_OGVR,3842,-5.4995723664662
08/08-08/14,ZO_OGVR,3970,-5.671950806596267
08/08-08/14,ZO_OGVR,4100,-5.650690563819096
08/08-08/14,ZO_OGVR,4232,-5.663734666693065
08/08-08/14,ZO_OGVR,4366,-5.56769183573977
08/08-08/14,ZO_OGVR,4502,-5.669393420328321
08/08-08/14,ZO_OGVR,4640,-5.7224264270275835
08/08-08/14,ZO_OGVR,4780,-5.7684451808089845
08/08-08/14,ZO_OGVR,4922,-5.770738880971955
08/08-08/14,ZO_OGVR,5066,-5.7065897400498615
